HG001	B37	905052	600627
HG001	B37CHR	880891	587861
HG001	HG38	1769885	1477905
HG001	HG38CHR	650148	391575
HG001	T2T	607244	379378
HG002	B37	1029015	682326
HG002	B37CHR	997961	662379
HG002	HG38	1892713	1547713
HG002	HG38CHR	777789	467997
HG002	T2T	715880	439991
HG003	B37	1016288	677238
HG003	B37CHR	985931	658153
HG003	HG38	1882672	1544103
HG003	HG38CHR	764907	464209
HG003	T2T	709129	427514
HG004	B37	1018620	668764
HG004	B37CHR	988411	650255
HG004	HG38	1879305	1535847
HG004	HG38CHR	764751	456741
HG004	T2T	715782	431567
HG005	B37	1027171	695554
HG005	B37CHR	997474	675951
HG005	HG38	1884484	1536867
HG005	HG38CHR	779037	472666
HG005	T2T	711782	457450
HG006	B37	1060044	709393
HG006	B37CHR	1029345	693449
HG006	HG38	1979328	1579572
HG006	HG38CHR	870258	497161
HG006	T2T	803277	484894
HG007	B37	1060362	713849
HG007	B37CHR	1028855	692578
HG007	HG38	1983746	1567336
HG007	HG38CHR	871509	485053
HG007	T2T	815137	476317
